host,user
NOMAD-PC,jbuffa
FPINV-WKS1227,renee
FPINV-WKS1226,jerry
FPINV-WKS1225,jerry
FPINV-WKS1224,dcanzoneri
FPINV-WKS1223,tofeno
FPINV-WKS1222,dcanzoneri
FPINV-WKS1221,bvalenzuela
FPINV-WKS1220,jnicolo
FPINV-WKS1219,rdoppke
FPINV-WKS1218,jcumberworth
FPINV-WKS1217,gsmith
FPINV-WKS1216,jhutchi
FPINV-WKS1215,mmccrack
FPINV-WKS1214,kking
FPINV-WKS1213,jmarshall
FPINV-WKS1102,kbenjamin
FPINV-WKS1017,afisher
FPINV-WKS1016,crichmond
DAVINCI,cfranck
VICTORIOUS,gzhao
VALIANT,mullah
TROOPER,mbarenboim
SENTINEL,andrey
ROSS,kodonnell
ROBUST,dprise
REVERENT,akhopkar
RESILIENT,adinica
LIBERTY,jroman
INTREPID,temmerich
HOPPER,bchism
FPINV-WKS1212,schope
FPINV-WKS1211,debbie
FPINV-WKS1210,cwagner
FPINV-WKS1209,mpagoto
FPINV-WKS1208,mknedgen
FPINV-WKS1207-1,bramsay
FPINV-WKS1206,jcrouter
FPINV-WKS1205,rshampine
FPINV-WKS1204,jliabenow
FPINV-WKS1203,luanne
FPINV-WKS1202,bnoronha
FPINV-WKS1201,kburgess
FPINV-WKS1200,rlambert
FPINV-WKS1106,drangel
FPINV-WKS1104,dwhite
FPINV-WKS1103,bchism
FPINV-WKS1100,pgieseker
FPINV-WKS1012,bchism
FPINV-WKS1007,mmonnett
FPINV-WKS005,tmorales
FPINV-WKS002,dprise
FLYNN,rlambert
van-Thinkpad,van
Schield,Trent
LENOVO2015-PC,LENOVO2015
Juan-PC,Juan_2
FPINV-LT1157,fpi
FPINV-LT1156,kstano
atlanta,bobby
Porthos,researchuser
Lindsys-Macintosh.local,roth
Eddies-iMac.local,eddie
Jeff-PC,Jeff
FPINV-WKS1009,rukshan
FPINV-LT1154,hbindu
FPINV-LT1153,thill
FPINV-LT1149,slind
FPINV-LT1148,tandries
FPINV-LT1147,mheavey
FPINV-LT1146,pturner
FPINV-LT1145,$jingalsbe
FPINV-LT1145,jingalsbe
FPINV-LT1144,vpatel
FPINV-LT1143,bmcguire
FPINV-LT1142,ibablu
FPINV-LT1139,thanna
FPINV-LT1138,mwagner
FPINV-LT1137,MHiggins
FPINV-LT1136,sherry
FPINV-LT1135,rukmal
FPINV-LT1134,jandrews
FPINV-LT1133,asengar
FPINV-LT1132,cingalsbe
FPINV-LT1131,dwhite
FPINV-LT1130,jteed
FPINV-LT1129,mara
FPINV-LT1127,gnagodage
FPINV-LT1125,andrey
FPINV-LT1123,twagner
FPINV-LT1122,pcriel
FPINV-LT1121,Laurie
FPINV-LT1120,krusselburg
FPINV-LT1119,arichmond
FPINV-LT1118,mhernadi
FPINV-LT1117,dtapp
FPINV-LT1115,tcallahan
FPINV-LT1112,tmorales
FPINV-LT111,tmorales
FPINV-LT1010,bkubiak
FPINV-LT1009,pmauthe
FPINV-LT1002,jthompson
FPINV-LT1001,rwojtowi
FPINV-MON1001,dprise
FPINV-APPAS1001,dprise
FPINV-LT2002,rmuldoon
FPINV-LT2001,skey
FPINV-LT1158,ttanzy
FPINV-LT1155,mkaras
FPINV-LT1152,bchism
FPINV-LT1151,thult
FPINV-LT1150,jmcvey
